Workbook

Sheet Resultados
A1: EXPERIMENTO PCA - Problema #6 - Registro de corridas (Matías Odello)
A2: Métrica del experimento: ganancia MÁXIMA entre cortes 1800-2400 (col M, fórmula automática). Completar solo celdas azules.
A4: Corrida | B4: Variante | C4: Semilla | D4: 1800 | E4: 1900 | F4: 2000 | G4: 2100 | H4: 2200 | I4: 2300 | J4: 2400 | K4: Ganancia MAX | L4: Corte óptimo | M4: t_corrida (min) | N4: Fecha | O4: Observaciones
A5: 9201 | B5: V0_baseline | C5: 159636 | D5: 76.594 | E5: 74.101 | F5: 71.609 | G5: 69.366 | H5: 66.708 | I5: 67.455 | J5: 64.797 | K5: =IF(COUNT(D5:J5)=0,"",MAX(D5:J5)) -> 76.594 | L5: =IF(COUNT(D5:J5)=0,"",INDEX($D$4:$J$4,MATCH(MAX(D5:J5),D5:J5,0))+0) -> 1800 | M5: 48 | N5: 2026-07-11 | O5: en Kaggle figura como 9101; max censurado en corte 1800
A6: 9202 | B6: V0_baseline | C6: 264797 | D6: 72.689 | E6: 70.778 | F6: 68.286 | G6: 69.2 | H6: 67.206 | I6: 63.8 | J6: 61.391 | K6: =IF(COUNT(D6:J6)=0,"",MAX(D6:J6)) -> 72.689 | L6: =IF(COUNT(D6:J6)=0,"",INDEX($D$4:$J$4,MATCH(MAX(D6:J6),D6:J6,0))+0) -> 1800 | M6: 19 | N6: 2026-07-11 | O6: max censurado en corte 1800
A7: 9203 | B7: V0_baseline | C7: 357159 | D7: 71.277 | E7: 68.868 | F7: 69.449 | G7: 66.791 | H7: 70.446 | I7: 71.443 | J7: 69.2 | K7: =IF(COUNT(D7:J7)=0,"",MAX(D7:J7)) -> 71.443 | L7: =IF(COUNT(D7:J7)=0,"",INDEX($D$4:$J$4,MATCH(MAX(D7:J7),D7:J7,0))+0) -> 2300 | M7: 17 | N7: 2026-07-11 | O7: curva plana/irregular; max en 2300
A8: 9204 | B8: V0_baseline | C8: 753159 | D8: 70.861 | E8: 71.111 | F8: 68.369 | G8: 65.794 | H8: 63.385 | I8: 61.059 | J8: 62.222 | K8: =IF(COUNT(D8:J8)=0,"",MAX(D8:J8)) -> 71.111 | L8: =IF(COUNT(D8:J8)=0,"",INDEX($D$4:$J$4,MATCH(MAX(D8:J8),D8:J8,0))+0) -> 1900 | M8: 18 | N8: 2026-07-11 | O8: curva decreciente; max en 1900
A9: 9205 | B9: V0_baseline | C9: 456852 | D9: 69.782 | E9: 70.778 | F9: 72.191 | G9: 70.031 | H9: 66.209 | I9: 63.302 | J9: 64.299 | K9: =IF(COUNT(D9:J9)=0,"",MAX(D9:J9)) -> 72.191 | L9: =IF(COUNT(D9:J9)=0,"",INDEX($D$4:$J$4,MATCH(MAX(D9:J9),D9:J9,0))+0) -> 2000 | M9: 17 | N9: 2026-07-11 | O9: max en 2000 (interior de la grilla)
A10: 9241 | B10: V4_augment | C10: 159636 | D10: 69.449 | E10: 67.455 | F10: 68.037 | G10: 68.618 | H10: 66.043 | I10: 64.132 | J10: 65.046 | K10: =IF(COUNT(D10:J10)=0,"",MAX(D10:J10)) -> 69.449 | L10: =IF(COUNT(D10:J10)=0,"",INDEX($D$4:$J$4,MATCH(MAX(D10:J10),D10:J10,0))+0) -> 1800 | N10: 2026-07-11 | O10: en Kaggle figura como 9102; PCs=52, Gain PCs=21.7%, PC21 top PC; max censurado en corte 1800
A11: 9242 | B11: V4_augment | C11: 264797 | D11: 80.581 | E11: 81.246 | F11: 78.67 | G11: 76.594 | H11: 73.52 | I11: 71.111 | J11: 72.274 | K11: =IF(COUNT(D11:J11)=0,"",MAX(D11:J11)) -> 81.246 | L11: =IF(COUNT(D11:J11)=0,"",INDEX($D$4:$J$4,MATCH(MAX(D11:J11),D11:J11,0))+0) -> 1900 | N11: 2026-07-11 | O11: en Kaggle figura como 9103; PCs=52, Gain PCs=19.7%, PC21 top PC
A12: 9243 | B12: V4_augment | C12: 357159 | D12: 69.782 | E12: 66.874 | F12: 71.36 | G12: 72.191 | H12: 73.603 | I12: 74.517 | J12: 75.431 | K12: =IF(COUNT(D12:J12)=0,"",MAX(D12:J12)) -> 75.431 | L12: =IF(COUNT(D12:J12)=0,"",INDEX($D$4:$J$4,MATCH(MAX(D12:J12),D12:J12,0))+0) -> 2400 | M12: 23 | N12: 2026-07-11 | O12: completa; curva creciente, max 75.431 en 2400 (borde superior de la grilla)
A13: 9244 | B13: V4_augment | C13: 753159 | D13: 69.698 | E13: 67.622 | F13: 65.379 | G13: 62.471 | H13: 60.228 | I13: 67.372 | J13: 65.129 | K13: =IF(COUNT(D13:J13)=0,"",MAX(D13:J13)) -> 69.698 | L13: =IF(COUNT(D13:J13)=0,"",INDEX($D$4:$J$4,MATCH(MAX(D13:J13),D13:J13,0))+0) -> 1800 | M13: 25 | N13: 2026-07-12 | O13: max en 1800 (borde inferior); curva irregular con rebote en 2300
A14: 9245 | B14: V4_augment | C14: 456852 | D14: 67.123 | E14: 67.539 | F14: 71.36 | G14: 68.702 | H14: 72.606 | I14: 70.446 | J14: 71.36 | K14: =IF(COUNT(D14:J14)=0,"",MAX(D14:J14)) -> 72.606 | L14: =IF(COUNT(D14:J14)=0,"",INDEX($D$4:$J$4,MATCH(MAX(D14:J14),D14:J14,0))+0) -> 2200 | M14: 23 | N14: 2026-07-12 | O14: curva irregular; max en 2200
A15: 9231 | B15: V3_rotacion | C15: 159636 | D15: 74.683 | E15: 72.689 | F15: 69.698 | G15: 67.455 | H15: 64.88 | I15: 62.72 | J15: 60.477 | K15: =IF(COUNT(D15:J15)=0,"",MAX(D15:J15)) -> 74.683 | L15: =IF(COUNT(D15:J15)=0,"",INDEX($D$4:$J$4,MATCH(MAX(D15:J15),D15:J15,0))+0) -> 1800 | M15: 24 | N15: 2026-07-12 | O15: k=52 PCs (dataset junior tiene 52 atributos, no 154). Curva decreciente, max en 1800. Top PCs: PC4, PC1, PC5
A16: 9232 | B16: V3_rotacion | C16: 264797 | D16: 69.034 | E16: 66.708 | F16: 67.622 | G16: 64.797 | H16: 62.637 | I16: 63.551 | J16: 65.046 | K16: =IF(COUNT(D16:J16)=0,"",MAX(D16:J16)) -> 69.034 | L16: =IF(COUNT(D16:J16)=0,"",INDEX($D$4:$J$4,MATCH(MAX(D16:J16),D16:J16,0))+0) -> 1800 | M16: 23 | N16: 2026-07-12 | O16: k=52. Max en 1800. Top PCs: PC1, PC4, PC3, PC5 (alta varianza). PC21 cae al puesto 42 (Gain 0.0089)
A17: 9233 | B17: V3_rotacion | C17: 357159 | D17: 68.618 | E17: 69.449 | F17: 67.622 | G17: 64.88 | H17: 65.711 | I17: 66.625 | J17: 67.788 | K17: =IF(COUNT(D17:J17)=0,"",MAX(D17:J17)) -> 69.449 | L17: =IF(COUNT(D17:J17)=0,"",INDEX($D$4:$J$4,MATCH(MAX(D17:J17),D17:J17,0))+0) -> 1900 | M17: 23 | N17: 2026-07-12 | O17: k=52. Max en 1900. Top PCs: PC4, PC1, PC5, PC3, PC6. PC21 puesto 17
A18: 9234 | B18: V3_rotacion | C18: 753159 | D18: 71.36 | E18: 69.449 | F18: 69.948 | G18: 67.622 | H18: 65.545 | I18: 63.468 | J18: 66.874 | K18: =IF(COUNT(D18:J18)=0,"",MAX(D18:J18)) -> 71.36 | L18: =IF(COUNT(D18:J18)=0,"",INDEX($D$4:$J$4,MATCH(MAX(D18:J18),D18:J18,0))+0) -> 1800 | M18: 23 | N18: 2026-07-12 | O18: k=52. Max en 1800. Top PCs: PC1, PC4, PC6, PC5, PC3. PC21 puesto 12
A19: 9235 | B19: V3_rotacion | C19: 456852 | D19: 68.618 | E19: 65.379 | F19: 65.711 | G19: 62.72 | H19: 61.225 | I19: 58.816 | J19: 56.739 | K19: =IF(COUNT(D19:J19)=0,"",MAX(D19:J19)) -> 68.618 | L19: =IF(COUNT(D19:J19)=0,"",INDEX($D$4:$J$4,MATCH(MAX(D19:J19),D19:J19,0))+0) -> 1800 | M19: 24 | N19: 2026-07-12 | O19: k=52. Max en 1800. Top PCs: PC1, PC4, PC6, PC5, PC3. PC21 puesto 27
A20: 9221 | B20: V2_pca90 | C20: 159636 | D20: 77.424 | E20: 75.264 | F20: 76.178 | G20: 73.935 | H20: 74.6 | I20: 71.858 | J20: 69.366 | K20: =IF(COUNT(D20:J20)=0,"",MAX(D20:J20)) -> 77.424 | L20: =IF(COUNT(D20:J20)=0,"",INDEX($D$4:$J$4,MATCH(MAX(D20:J20),D20:J20,0))+0) -> 1800 | M20: 18 | N20: 2026-07-13 | O20: k=33 de 52 (var acum 0.9074), descarta 19. Max en 1800. Top: PC4, PC1, PC6, PC5, PC28. PC21 puesto 16
A21: 9222 | B21: V2_pca90 | C21: 264797 | D21: 84.652 | E21: 82.326 | F21: 80.332 | G21: 78.006 | H21: 75.098 | I21: 72.274 | J21: 69.366 | K21: =IF(COUNT(D21:J21)=0,"",MAX(D21:J21)) -> 84.652 | L21: =IF(COUNT(D21:J21)=0,"",INDEX($D$4:$J$4,MATCH(MAX(D21:J21),D21:J21,0))+0) -> 1800 | M21: 18 | N21: 2026-07-13 | O21: k=33 (var 0.9074). Max en 1800 (censurado, curva decreciente). Top: PC4, PC1, PC5, PC6, PC28. PC21 puesto 11
A22: 9223 | B22: V2_pca90 | C22: 357159 | D22: 80.581 | E22: 78.67 | F22: 79.75 | G22: 77.424 | H22: 78.421 | I22: 75.347 | J22: 76.344 | K22: =IF(COUNT(D22:J22)=0,"",MAX(D22:J22)) -> 80.581 | L22: =IF(COUNT(D22:J22)=0,"",INDEX($D$4:$J$4,MATCH(MAX(D22:J22),D22:J22,0))+0) -> 1800 | M22: 18 | N22: 2026-07-13 | O22: k=33 (var 0.9074). Max en 1800. Top: PC4, PC1, PC6, PC5, PC2, PC28. PC21 puesto 14
A23: 9224 | B23: V2_pca90 | C23: 753159 | D23: 78.006 | E23: 75.846 | F23: 73.852 | G23: 71.028 | H23: 68.12 | I23: 65.129 | J23: 66.542 | K23: =IF(COUNT(D23:J23)=0,"",MAX(D23:J23)) -> 78.006 | L23: =IF(COUNT(D23:J23)=0,"",INDEX($D$4:$J$4,MATCH(MAX(D23:J23),D23:J23,0))+0) -> 1800 | M23: 18 | N23: 2026-07-13 | O23: k=33 (var 0.9074). Max en 1800. Top: PC4, PC1, PC3, PC6, PC5, PC28. PC21 puesto 21
... A31: 9262 | B31: V6_pca70 | C31: 357159 | D31: 77.175 | E31: 74.517 | F31: 75.514 | G31: 73.603 | H31: 70.945 | I31: 72.523 | J31: 70.28 | K31: =IF(COUNT(D31:J31)=0,"",MAX(D31:J31)) -> 77.175 | L31: =IF(COUNT(D31:J31)=0,"",INDEX($D$4:$J$4,MATCH(MAX(D31:J31),D31:J31,0))+0) -> 1800 | M31: 17 | N31: 2026-07-13 | O31: k=19 (var 0.7113). Max en 1800. PC21 no existe. Top: PC4, PC1, PC6, PC3, PC5
A32: 9263 | B32: V6_pca70 | C32: 753159 | K32: =IF(COUNT(D32:J32)=0,"",MAX(D32:J32)) | L32: =IF(COUNT(D32:J32)=0,"",INDEX($D$4:$J$4,MATCH(MAX(D32:J32),D32:J32,0))+0) | O32: NO CORRIDA - experimento V6 discontinuado tras confirmar la caida en 2 semillas
A33: 9264 | B33: V6_pca70 | C33: 159636 | K33: =IF(COUNT(D33:J33)=0,"",MAX(D33:J33)) | L33: =IF(COUNT(D33:J33)=0,"",INDEX($D$4:$J$4,MATCH(MAX(D33:J33),D33:J33,0))+0) | O33: NO CORRIDA - experimento V6 discontinuado tras confirmar la caida en 2 semillas
A34: 9265 | B34: V6_pca70 | C34: 456852 | K34: =IF(COUNT(D34:J34)=0,"",MAX(D34:J34)) | L34: =IF(COUNT(D34:J34)=0,"",INDEX($D$4:$J$4,MATCH(MAX(D34:J34),D34:J34,0))+0) | O34: NO CORRIDA - experimento V6 discontinuado tras confirmar la caida en 2 semillas
A35: Orden de ejecución recomendado: V0 -> V4 -> V3 -> V2 -> V1.

Sheet Resultados Eli
A1: EXPERIMENTO PCA - Problema #6 - Registro de corridas (Matías Odello)
A2: Métrica del experimento: ganancia MÁXIMA entre cortes 1800-2400 (col M, fórmula automática). Completar solo celdas azules.
A4: Corrida | B4: Variante | C4: Semilla | D4: 1800 | E4: 1900 | F4: 2000 | G4: 2100 | H4: 2200 | I4: 2300 | J4: 2400 | K4: Ganancia MAX | L4: Corte óptimo | M4: t_corrida (min) | N4: Fecha | O4: Observaciones
A5: 9201 | B5: V0_baseline | C5: 263167 | D5: 66874 | E5: 67788 | F5: 72108 | G5: 69948 | H5: 70945 | I5: 68369 | J5: 65296 | K5: =IF(COUNT(D5:J5)=0,"",MAX(D5:J5)) -> 72108 | L5: =IF(COUNT(D5:J5)=0,"",INDEX($D$4:$J$4,MATCH(MAX(D5:J5),D5:J5,0))+0) -> 2000 | M5: 19 | N5: 46220
A6: 9202 | B6: V0_baseline | C6: 808481 | D6: 70197 | E6: 67622 | F6: 64880 | G6: 62969 | H6: 60311 | I6: 60976 | J6: 58483 | K6: =IF(COUNT(D6:J6)=0,"",MAX(D6:J6)) -> 70197 | L6: =IF(COUNT(D6:J6)=0,"",INDEX($D$4:$J$4,MATCH(MAX(D6:J6),D6:J6,0))+0) -> 1800 | M6: 17 | N6: 46220 | O6: max censurado en corte 1800
A7: 9203 | B7: V0_baseline | C7: 104759 | D7: 73686 | E7: 74101 | F7: 71360 | G7: 68868 | H7: 69366 | I7: 66791 | J7: 64714 | K7: =IF(COUNT(D7:J7)=0,"",MAX(D7:J7)) -> 74101 | L7: =IF(COUNT(D7:J7)=0,"",INDEX($D$4:$J$4,MATCH(MAX(D7:J7),D7:J7,0))+0) -> 1900 | M7: 17 | N7: 46220 | O7: max en 1900
A8: 9204 | B8: V0_baseline | C8: 130073 | D8: 67040 | E8: 67289 | F8: 67871 | G8: 69117 | H8: 67705 | I8: 68452 | J8: 65960 | K8: =IF(COUNT(D8:J8)=0,"",MAX(D8:J8)) -> 69117 | L8: =IF(COUNT(D8:J8)=0,"",INDEX($D$4:$J$4,MATCH(MAX(D8:J8),D8:J8,0))+0) -> 2100 | M8: 17 | N8: 46220 | O8: curva irregular; max en 2100
A9: 9205 | B9: V0_baseline | C9: 200171 | D9: 72772 | E9: 70114 | F9: 67539 | G9: 65212 | H9: 65628 | I9: 63136 | J9: 61225 | K9: =IF(COUNT(D9:J9)=0,"",MAX(D9:J9)) -> 72772 | L9: =IF(COUNT(D9:J9)=0,"",INDEX($D$4:$J$4,MATCH(MAX(D9:J9),D9:J9,0))+0) -> 1800 | M9: 17 | N9: 46220 | O9: max censurado en corte 1800
A10: 9271 | B10: V4_augment | C10: 263167 | D10: 75347 | E10: 72440 | F10: 69865 | G10: 67705 | H10: 68618 | I10: 65794 | J10: 66542 | K10: =IF(COUNT(D10:J10)=0,"",MAX(D10:J10)) -> 75347 | L10: =IF(COUNT(D10:J10)=0,"",INDEX($D$4:$J$4,MATCH(MAX(D10:J10),D10:J10,0))+0) -> 1800 | M10: 30 | N10: 46221 | O10: modo=augment, k=52 de 52; Features=106, PCs=52 (Gain PCs=20.8%, muy bajo); Top 12 son TODAS variables originales (ctrx_quarter, mcaja_ahorro, etc.); PC4 recién en puesto 13 con Gain 0.0142 (vs 0.15-0.19 en V1/V2/V3); tiempo 29:53
A11: 9272 | B11: V4_augment | C11: 808481 | D11: 70280 | E11: 71111 | F11: 68618 | G11: 65877 | H11: 66542 | I11: 63883 | J11: 61640 | K11: =IF(COUNT(D11:J11)=0,"",MAX(D11:J11)) -> 71111 | L11: =IF(COUNT(D11:J11)=0,"",INDEX($D$4:$J$4,MATCH(MAX(D11:J11),D11:J11,0))+0) -> 1900 | M11: 24 | N11: 46221 | O11: modo=augment, k=52 de 52; Features=106, PCs=52 (Gain PCs=24%); Top 8 son variables originales (ctrx_quarter, mcaja_ahorro, mcuentas_saldo...); PC10 y PC21 recién aparecen en puestos 9-10 (Gain ~0.02-0.03); PC4 en puesto 12 (0.0157, vs 0.15-0.19 en V1/V2/V3); tiempo 23:59
A12: 9273 | B12: V4_augment | C12: 104759 | D12: 72938 | E12: 70612 | F12: 71360 | G12: 72440 | H12: 69532 | I12: 67289 | J12: 67954 | K12: =IF(COUNT(D12:J12)=0,"",MAX(D12:J12)) -> 72938 | L12: =IF(COUNT(D12:J12)=0,"",INDEX($D$4:$J$4,MATCH(MAX(D12:J12),D12:J12,0))+0) -> 1800 | M12: 25 | N12: 46221 | O12: modo=augment, k=52 de 52; Features=106, PCs=52 (Gain PCs=16.2%, la más baja de las 3); Top 14 son TODAS variables originales; PC5 recién en puesto 15 (Gain 0.0094, el más bajo visto hasta ahora); tiempo 24:41
A13: 9274 | B13: V4_augment | C13: 130073 | D13: 73354 | E13: 73603 | F13: 71111 | G13: 68286 | H13: 69200 | I13: 70446 | J13: 68369 | K13: =IF(COUNT(D13:J13)=0,"",MAX(D13:J13)) -> 73603 | L13: =IF(COUNT(D13:J13)=0,"",INDEX($D$4:$J$4,MATCH(MAX(D13:J13),D13:J13,0))+0) -> 1900 | M13: 25 | N13: 46221
A14: 9275 | B14: V4_augment | C14: 200171 | D14: 69698 | E14: 66542 | F14: 64299 | G14: 62388 | H14: 59813 | I14: 66874 | J14: 63966 | K14: =IF(COUNT(D14:J14)=0,"",MAX(D14:J14)) -> 69698 | L14: =IF(COUNT(D14:J14)=0,"",INDEX($D$4:$J$4,MATCH(MAX(D14:J14),D14:J14,0))+0) -> 1800 | M14: 24 | N14: 46221 | O14: modo=augment, k=52 de 52; Features=106, PCs=52 (Gain PCs=17.3%); Top 13 son TODAS variables originales; PC4 recién en puesto 14 (Gain 0.0149); tiempo 23:54
A15: 9311 | B15: V3_rotacion | C15: 263167 | D15: 75264 | E15: 73021 | F15: 70446 | G15: 67954 | H15: 65545 | I15: 66375 | J15: 67539 | K15: =IF(COUNT(D15:J15)=0,"",MAX(D15:J15)) -> 75264 | L15: =IF(COUNT(D15:J15)=0,"",INDEX($D$4:$J$4,MATCH(MAX(D15:J15),D15:J15,0))+0) -> 1800 | M15: 24 | N15: 46220 | O15: max en 1800 (borde inferior); k=52 de 52 (var 1.0); Features=54, PCs=52 (Gain PCs=95.8%); Top: PC4, PC1, PC6, PC3, PC10; componentes de cola (PC28, PC32, PC36, PC45) aparecen en el top 15
A16: 9222 | B16: V3_rotacion | C16: 808481 | D16: 71941 | E16: 69865 | F16: 68120 | G16: 68785 | H16: 66292 | I16: 67123 | J16: 64631 | K16: =IF(COUNT(D16:J16)=0,"",MAX(D16:J16)) -> 71941 | L16: =IF(COUNT(D16:J16)=0,"",INDEX($D$4:$J$4,MATCH(MAX(D16:J16),D16:J16,0))+0) -> 1800 | M16: 26 | N16: 46220 | O16: max en 1800 (borde inferior); k=52 de 52 (var 1.0); Features=54, PCs=52 (Gain PCs=95.1%); Top: PC1, PC4, PC5, PC6, foto_mes; señal dispersa hasta PC43 (PC28, PC36, PC43 en el top 15)
A17: 9223 | B17: V3_rotacion | C17: 104759 | D17: 71775 | E17: 69366 | F17: 69532 | G17: 67372 | H17: 67455 | I17: 65212 | J17: 63551 | K17: =IF(COUNT(D17:J17)=0,"",MAX(D17:J17)) -> 71775 | L17: =IF(COUNT(D17:J17)=0,"",INDEX($D$4:$J$4,MATCH(MAX(D17:J17),D17:J17,0))+0) -> 1800 | M17: 23 | N17: 46220 | O17: k=52 de 52 (var 1.0); Features=54, PCs=52 (Gain PCs=95.4%); Top: PC1, PC4, PC6, PC3, foto_mes; señal dispersa hasta PC43
A18: 9224 | B18: V3_rotacion | C18: 130073 | D18: 70031 | E18: 67954 | F18: 65877 | G18: 66625 | H18: 67705 | I18: 65379 | J18: 66126 | K18: =IF(COUNT(D18:J18)=0,"",MAX(D18:J18)) -> 70031 | L18: =IF(COUNT(D18:J18)=0,"",INDEX($D$4:$J$4,MATCH(MAX(D18:J18),D18:J18,0))+0) -> 1800 | M18: 27 | N18: 46220 | O18: k=52 de 52 (var 1.0); Features=54, PCs=52 (Gain PCs=95.7%); Top: PC1, PC4, PC6, PC5, PC43; señal dispersa hasta PC43 (PC28, PC36, PC43 en top 15)
A19: 9225 | B19: V3_rotacion | C19: 200171 | D19: 68203 | E19: 72606 | F19: 70529 | G19: 70945 | H19: 67871 | I19: 65379 | J19: 63219 | K19: =IF(COUNT(D19:J19)=0,"",MAX(D19:J19)) -> 72606 | L19: =IF(COUNT(D19:J19)=0,"",INDEX($D$4:$J$4,MATCH(MAX(D19:J19),D19:J19,0))+0) -> 1900 | M19: 27 | N19: 46221 | O19: k=52 de 52 (var 1.0); Features=54, PCs=52 (Gain PCs=95.5%); Top: PC4, PC1, PC6, PC5, PC3; señal dispersa hasta PC43 (PC28, PC32, PC36, PC43 en top 15)
A20: 9411 | B20: V2_pca90 | C20: 263167 | D20: 80913 | E20: 78587 | F20: 76926 | G20: 74600 | H20: 71775 | I20: 71941 | J20: 70031 | K20: =IF(COUNT(D20:J20)=0,"",MAX(D20:J20)) -> 80913 | L20: =IF(COUNT(D20:J20)=0,"",INDEX($D$4:$J$4,MATCH(MAX(D20:J20),D20:J20,0))+0) -> 1800 | M20: 20 | N20: 46221 | O20: k=33 de 52 (var acum ~0.90); Features=35, PCs=33 (Gain PCs=95%); Top: PC4, PC1, PC5, PC6, PC10; PC28, PC32 en top 15 (menos dispersión que V3, más que V1); tiempo 20:06
A21: 9232 | B21: V2_pca90 | C21: 808481 | D21: 77923 | E21: 79169 | F21: 76344 | G21: 77424 | H21: 74600 | I21: 72025 | J21: 72440 | K21: =IF(COUNT(D21:J21)=0,"",MAX(D21:J21)) -> 79169 | L21: =IF(COUNT(D21:J21)=0,"",INDEX($D$4:$J$4,MATCH(MAX(D21:J21),D21:J21,0))+0) -> 1900 | M21: 20 | N21: 46221 | O21: k=33 de 52 (var acum ~0.90); Features=35, PCs=33 (Gain PCs=94.9%); Top: PC4, PC1, PC5, PC6, PC3; PC28, PC21 en top 15; tiempo 20:10
A22: 9233 | B22: V2_pca90 | C22: 104759 | D22: 81910 | E22: 79501 | F22: 79501 | G22: 77424 | H22: 75264 | I22: 72357 | J22: 70280 | K22: =IF(COUNT(D22:J22)=0,"",MAX(D22:J22)) -> 81910 | L22: =IF(COUNT(D22:J22)=0,"",INDEX($D$4:$J$4,MATCH(MAX(D22:J22),D22:J22,0))+0) -> 1800 | M22: 19 | N22: 46221 | O22: k=33 de 52 (var acum ~0.90); Features=35, PCs=33 (Gain PCs=95.2%); Top: PC4, PC1, PC6, PC10, PC5; PC28, PC21 en top 15; tiempo 19:23
A23: 9234 | B23: V2_pca90 | C23: 130073 | D23: 71775 | E23: 75929 | F23: 73935 | G23: 74849 | H23: 72855 | I23: 73686 | J23: 70861 | K23: =IF(COUNT(D23:J23)=0,"",MAX(D23:J23)) -> 75929 | L23: =IF(COUNT(D23:J23)=0,"",INDEX($D$4:$J$4,MATCH(MAX(D23:J23),D23:J23,0))+0) -> 1900 | M23: 20 | N23: 46221 | O23: k=33 de 52 (var acum ~0.90); Features=35, PCs=33 (Gain PCs=94.7%); Top: PC4, PC1, PC6, PC10, foto_mes; PC28 en top 15; tiempo 19:54
A24: 9235 | B24: V2_pca90 | C24: 200171 | D24: 75264 | E24: 82575 | F24: 80000 | G24: 77674 | H24: 75929 | I24: 74101 | J24: 71111 | K24: =IF(COUNT(D24:J24)=0,"",MAX(D24:J24)) -> 82575 | L24: =IF(COUNT(D24:J24)=0,"",INDEX($D$4:$J$4,MATCH(MAX(D24:J24),D24:J24,0))+0) -> 1900 | M24: 21 | N24: 46221 | O24: k=33 (var 0.9074). Max en 2000. Top: PC4, PC1, PC6, PC5, PC28. PC21 puesto 23
A25: 9211 | B25: V1_pca80 | C25: 263167 | D25: 91547 | E25: 88889 | F25: 86230 | G25: 87476 | H25: 84818 | I25: 85150 | J25: 81568 | K25: =IF(COUNT(D25:J25)=0,"",MAX(D25:J25)) -> 91547 | L25: =IF(COUNT(D25:J25)=0,"",INDEX($D$4:$J$4,MATCH(MAX(D25:J25),D25:J25,0))+0) -> 1800 | M25: 29 | N25: 46220 | O25: max censurado en corte 1800: k=25 de 52 (var 0.8078), PCs=25 (Gain PCs=93.9%); Top: PC1, PC4, PC6, PC10
A26: 9212 | B26: V1_pca80 | C26: 808481 | D26: 85316 | E26: 86562 | F26: 83821 | G26: 81661 | H26: 78753 | I26: 76344 | J26: 77092 | K26: =IF(COUNT(D26:J26)=0,"",MAX(D26:J26)) -> 86562 | L26: =IF(COUNT(D26:J26)=0,"",INDEX($D$4:$J$4,MATCH(MAX(D26:J26),D26:J26,0))+0) -> 1900 | M26: 18 | N26: 46220 | O26: max en 1900; k=25 de 52 (var 0.8078); Features=27, PCs=25 (Gain PCs=93.3%); Top: PC4, PC1, PC6, PC5, foto_mes; numero_de_cliente aparece en el top 15 (Gain 0.0230, no visto en 9211)
A27: 9213 | B27: V1_pca80 | C27: 104759 | D27: 80664 | E27: 78670 | F27: 82492 | G27: 86895 | H27: 85233 | I27: 82907 | J27: 83655 | K27: =IF(COUNT(D27:J27)=0,"",MAX(D27:J27)) -> 86895 | L27: =IF(COUNT(D27:J27)=0,"",INDEX($D$4:$J$4,MATCH(MAX(D27:J27),D27:J27,0))+0) -> 2100 | N27: 46220 | O27: curva irregular; max en 2100; k=25 de 52 (var 0.8078); Features=27, PCs=25 (Gain PCs=93.2%); Top: PC4, PC1, PC6, PC3, PC5; PC25 reaparece en el top 15 (puesto 14)
A28: 9214 | B28: V1_pca80 | C28: 130073 | D28: 81910 | E28: 79584 | F28: 83239 | G28: 80913 | H28: 78421 | I28: 76594 | J28: 72686 | K28: =IF(COUNT(D28:J28)=0,"",MAX(D28:J28)) -> 83239 | L28: =IF(COUNT(D28:J28)=0,"",INDEX($D$4:$J$4,MATCH(MAX(D28:J28),D28:J28,0))+0) -> 2000 | M28: 18 | N28: 46220 | O28: max en 1800 (borde inferior); curva irregular con rebote en 2300; k=25 de 52 (var 0.8078); Features=27, PCs=25 (Gain PCs=93.6%); Top: PC1, PC4, PC6, PC5, foto_mes; PC21 y PC23 reaparecen en el top 15 (puestos 10 y 14)
A29: 9215 | B29: V1_pca80 | C29: 200171 | D29: 81993 | E29: 79917 | F29: 77674 | G29: 78670 | H29: 79501 | I29: 80249 | J29: 84403 | K29: =IF(COUNT(D29:J29)=0,"",MAX(D29:J29)) -> 84403 | L29: =IF(COUNT(D29:J29)=0,"",INDEX($D$4:$J$4,MATCH(MAX(D29:J29),D29:J29,0))+0) -> 2400 | M29: 17 | N29: 46220 | O29: curva irregular; max en 2400; k=25 de 52 (var 0.8078); Features=27, PCs=25 (Gain PCs=93.9%); Top: PC4, PC1, PC5, PC6, PC2; PC21 reaparece en el top 15 (puesto 12);
A30: 9261 | B30: V6_pca70 | C30: 263167 | K30: =IF(COUNT(D30:J30)=0,"",MAX(D30:J30)) | L30: =IF(COUNT(D30:J30)=0,"",INDEX($D$4:$J$4,MATCH(MAX(D30:J30),D30:J30,0))+0) | M30: 15 | N30: 2026-07-13 | O30: k=19 de 52 (var 0.7113), descarta 33. Max en 2300. PC21 YA NO EXISTE (k=19). Top: PC4, PC1, PC6, PC5
A31: 9262 | B31: V6_pca70 | C31: 808481 | K31: =IF(COUNT(D31:J31)=0,"",MAX(D31:J31)) | L31: =IF(COUNT(D31:J31)=0,"",INDEX($D$4:$J$4,MATCH(MAX(D31:J31),D31:J31,0))+0) | M31: 17 | N31: 2026-07-13 | O31: k=19 (var 0.7113). Max en 1800. PC21 no existe. Top: PC4, PC1, PC6, PC3, PC5
A32: 9263 | B32: V6_pca70 | C32: 104759 | K32: =IF(COUNT(D32:J32)=0,"",MAX(D32:J32)) | L32: =IF(COUNT(D32:J32)=0,"",INDEX($D$4:$J$4,MATCH(MAX(D32:J32),D32:J32,0))+0) | O32: NO CORRIDA - experimento V6 discontinuado tras confirmar la caida en 2 semillas
A33: 9264 | B33: V6_pca70 | C33: 130073 | K33: =IF(COUNT(D33:J33)=0,"",MAX(D33:J33)) | L33: =IF(COUNT(D33:J33)=0,"",INDEX($D$4:$J$4,MATCH(MAX(D33:J33),D33:J33,0))+0) | O33: NO CORRIDA - experimento V6 discontinuado tras confirmar la caida en 2 semillas
A34: 9265 | B34: V6_pca70 | C34: 200171 | K34: =IF(COUNT(D34:J34)=0,"",MAX(D34:J34)) | L34: =IF(COUNT(D34:J34)=0,"",INDEX($D$4:$J$4,MATCH(MAX(D34:J34),D34:J34,0))+0) | O34: NO CORRIDA - experimento V6 discontinuado tras confirmar la caida en 2 semillas
A35: Orden de ejecución recomendado: V0 -> V4 -> V3 -> V2 -> V1.

Sheet Analisis
A1: ANÁLISIS - se calcula solo a partir de la hoja Resultados
A3: Resumen por grupo (sobre Ganancia MAX de cada corrida)
A4: Grupo | B4: Corridas cargadas | C4: Mediana | D4: Media | E4: Mín | F4: Máx | G4: Δ mediana vs V0
A5: V0_baseline | B5: =COUNTIFS(Resultados!$B$5:$B$29,A5,Resultados!$K$5:$K$29,">0") -> 5 | C5: =IF(B5=0,"",MEDIAN(Resultados!K5:K9)) -> 72.191 | D5: =IF(B5=0,"",AVERAGEIFS(Resultados!$K$5:$K$29,Resultados!$B$5:$B$29,A5)) -> 72.8056 | E5: =IF(B5=0,"",MINIFS(Resultados!$K$5:$K$29,Resultados!$B$5:$B$29,A5)) -> 71.111 | F5: =IF(B5=0,"",MAXIFS(Resultados!$K$5:$K$29,Resultados!$B$5:$B$29,A5)) -> 76.594 | G5: =IF(OR(C5="",C$5=""),"",C5-C$5) -> 0
A6: V4_augment | B6: =COUNTIFS(Resultados!$B$5:$B$29,A6,Resultados!$K$5:$K$29,">0") -> 5 | C6: =IF(B6=0,"",MEDIAN(Resultados!K10:K14)) -> 72.606 | D6: =IF(B6=0,"",AVERAGEIFS(Resultados!$K$5:$K$29,Resultados!$B$5:$B$29,A6)) -> 73.686 | E6: =IF(B6=0,"",MINIFS(Resultados!$K$5:$K$29,Resultados!$B$5:$B$29,A6)) -> 69.449 | F6: =IF(B6=0,"",MAXIFS(Resultados!$K$5:$K$29,Resultados!$B$5:$B$29,A6)) -> 81.246 | G6: =IF(OR(C6="",C$5=""),"",C6-C$5) -> 0.415
A7: V3_rotacion | B7: =COUNTIFS(Resultados!$B$5:$B$29,A7,Resultados!$K$5:$K$29,">0") -> 5 | C7: =IF(B7=0,"",MEDIAN(Resultados!K15:K19)) -> 69.449 | D7: =IF(B7=0,"",AVERAGEIFS(Resultados!$K$5:$K$29,Resultados!$B$5:$B$29,A7)) -> 70.6288 | E7: =IF(B7=0,"",MINIFS(Resultados!$K$5:$K$29,Resultados!$B$5:$B$29,A7)) -> 68.618 | F7: =IF(B7=0,"",MAXIFS(Resultados!$K$5:$K$29,Resultados!$B$5:$B$29,A7)) -> 74.683 | G7: =IF(OR(C7="",C$5=""),"",C7-C$5) -> -2.742
A8: V2_pca90 | B8: =COUNTIFS(Resultados!$B$5:$B$29,A8,Resultados!$K$5:$K$29,">0") -> 5 | C8: =IF(B8=0,"",MEDIAN(Resultados!K20:K24)) -> 78.006 | D8: =IF(B8=0,"",AVERAGEIFS(Resultados!$K$5:$K$29,Resultados!$B$5:$B$29,A8)) -> 78.8366 | E8: =IF(B8=0,"",MINIFS(Resultados!$K$5:$K$29,Resultados!$B$5:$B$29,A8)) -> 73.52 | F8: =IF(B8=0,"",MAXIFS(Resultados!$K$5:$K$29,Resultados!$B$5:$B$29,A8)) -> 84.652 | G8: =IF(OR(C8="",C$5=""),"",C8-C$5) -> 5.815
A9: V1_pca80 | B9: =COUNTIFS(Resultados!$B$5:$B$29,A9,Resultados!$K$5:$K$29,">0") -> 5 | C9: =IF(B9=0,"",MEDIAN(Resultados!K25:K29)) -> 87.393 | D9: =IF(B9=0,"",AVERAGEIFS(Resultados!$K$5:$K$29,Resultados!$B$5:$B$29,A9)) -> 85.333 | E9: =IF(B9=0,"",MINIFS(Resultados!$K$5:$K$29,Resultados!$B$5:$B$29,A9)) -> 81.163 | F9: =IF(B9=0,"",MAXIFS(Resultados!$K$5:$K$29,Resultados!$B$5:$B$29,A9)) -> 88.307 | G9: =IF(OR(C9="",C$5=""),"",C9-C$5) -> 15.202
A10: V6_pca70 (parcial 2/5) | B10: =COUNT(Resultados!K30:K34) -> 2 | C10: =IF(B10=0,"",MEDIAN(Resultados!K30:K34)) -> 78.338 | D10: =IF(B10=0,"",AVERAGE(Resultados!K30:K34)) -> 78.338 | E10: =IF(B10=0,"",MIN(Resultados!K30:K34)) -> 77.175 | F10: =IF(B10=0,"",MAX(Resultados!K30:K34)) -> 79.501 | G10: =IF(OR(C10="",C$5=""),"",C10-C$5) -> 6.147
A12: Comparación PAREADA por semilla (Ganancia MAX). Δ = variante - V0. Base del test de Wilcoxon.
A13: Semilla | B13: V0 | C13: V4 | D13: V3 | E13: V2 | F13: V1 | G13: Δ V4-V0 | H13: Δ V3-V0 | I13: Δ V2-V0 | J13: Δ V1-V0
A14: 159636 | B14: {=IFERROR(INDEX(Resultados!$K$5:$K$29,MATCH(1,(Resultados!$B$5:$B$29="V0_baseline")*(Resultados!$C$5:$C$29=$A14),0)),"")} -> 76.594 | C14: {=IFERROR(INDEX(Resultados!$K$5:$K$29,MATCH(1,(Resultados!$B$5:$B$29="V4_augment")*(Resultados!$C$5:$C$29=$A14),0)),"")} -> 69.449 | D14: {=IFERROR(INDEX(Resultados!$K$5:$K$29,MATCH(1,(Resultados!$B$5:$B$29="V3_rotacion")*(Resultados!$C$5:$C$29=$A14),0)),"")} -> 74.683 | E14: {=IFERROR(INDEX(Resultados!$K$5:$K$29,MATCH(1,(Resultados!$B$5:$B$29="V2_pca90")*(Resultados!$C$5:$C$29=$A14),0)),"")} -> 77.424 | F14: {=IFERROR(INDEX(Resultados!$K$5:$K$29,MATCH(1,(Resultados!$B$5:$B$29="V1_pca80")*(Resultados!$C$5:$C$29=$A14),0)),"")} -> 81.993 | G14: =IF(OR($B14="",C14=""),"",C14-$B14) -> -7.145 | H14: =IF(OR($B14="",D14=""),"",D14-$B14) -> -1.911 | I14: =IF(OR($B14="",E14=""),"",E14-$B14) -> 0.83 | J14: =IF(OR($B14="",F14=""),"",F14-$B14) -> 5.399
A15: 264797 | B15: {=IFERROR(INDEX(Resultados!$K$5:$K$29,MATCH(1,(Resultados!$B$5:$B$29="V0_baseline")*(Resultados!$C$5:$C$29=$A15),0)),"")} -> 72.689 | C15: {=IFERROR(INDEX(Resultados!$K$5:$K$29,MATCH(1,(Resultados!$B$5:$B$29="V4_augment")*(Resultados!$C$5:$C$29=$A15),0)),"")} -> 81.246 | D15: {=IFERROR(INDEX(Resultados!$K$5:$K$29,MATCH(1,(Resultados!$B$5:$B$29="V3_rotacion")*(Resultados!$C$5:$C$29=$A15),0)),"")} -> 69.034 | E15: {=IFERROR(INDEX(Resultados!$K$5:$K$29,MATCH(1,(Resultados!$B$5:$B$29="V2_pca90")*(Resultados!$C$5:$C$29=$A15),0)),"")} -> 84.652 | F15: {=IFERROR(INDEX(Resultados!$K$5:$K$29,MATCH(1,(Resultados!$B$5:$B$29="V1_pca80")*(Resultados!$C$5:$C$29=$A15),0)),"")} -> 87.393 | G15: =IF(OR($B15="",C15=""),"",C15-$B15) -> 8.557 | H15: =IF(OR($B15="",D15=""),"",D15-$B15) -> -3.655 | I15: =IF(OR($B15="",E15=""),"",E15-$B15) -> 11.963 | J15: =IF(OR($B15="",F15=""),"",F15-$B15) -> 14.704
A16: 357159 | B16: {=IFERROR(INDEX(Resultados!$K$5:$K$29,MATCH(1,(Resultados!$B$5:$B$29="V0_baseline")*(Resultados!$C$5:$C$29=$A16),0)),"")} -> 71.443 | C16: {=IFERROR(INDEX(Resultados!$K$5:$K$29,MATCH(1,(Resultados!$B$5:$B$29="V4_augment")*(Resultados!$C$5:$C$29=$A16),0)),"")} -> 75.431 | D16: {=IFERROR(INDEX(Resultados!$K$5:$K$29,MATCH(1,(Resultados!$B$5:$B$29="V3_rotacion")*(Resultados!$C$5:$C$29=$A16),0)),"")} -> 69.449 | E16: {=IFERROR(INDEX(Resultados!$K$5:$K$29,MATCH(1,(Resultados!$B$5:$B$29="V2_pca90")*(Resultados!$C$5:$C$29=$A16),0)),"")} -> 80.581 | F16: {=IFERROR(INDEX(Resultados!$K$5:$K$29,MATCH(1,(Resultados!$B$5:$B$29="V1_pca80")*(Resultados!$C$5:$C$29=$A16),0)),"")} -> 87.809 | G16: =IF(OR($B16="",C16=""),"",C16-$B16) -> 3.988 | H16: =IF(OR($B16="",D16=""),"",D16-$B16) -> -1.994 | I16: =IF(OR($B16="",E16=""),"",E16-$B16) -> 9.138 | J16: =IF(OR($B16="",F16=""),"",F16-$B16) -> 16.366
A17: 753159 | B17: {=IFERROR(INDEX(Resultados!$K$5:$K$29,MATCH(1,(Resultados!$B$5:$B$29="V0_baseline")*(Resultados!$C$5:$C$29=$A17),0)),"")} -> 71.111 | C17: {=IFERROR(INDEX(Resultados!$K$5:$K$29,MATCH(1,(Resultados!$B$5:$B$29="V4_augment")*(Resultados!$C$5:$C$29=$A17),0)),"")} -> 69.698 | D17: {=IFERROR(INDEX(Resultados!$K$5:$K$29,MATCH(1,(Resultados!$B$5:$B$29="V3_rotacion")*(Resultados!$C$5:$C$29=$A17),0)),"")} -> 71.36 | E17: {=IFERROR(INDEX(Resultados!$K$5:$K$29,MATCH(1,(Resultados!$B$5:$B$29="V2_pca90")*(Resultados!$C$5:$C$29=$A17),0)),"")} -> 78.006 | F17: {=IFERROR(INDEX(Resultados!$K$5:$K$29,MATCH(1,(Resultados!$B$5:$B$29="V1_pca80")*(Resultados!$C$5:$C$29=$A17),0)),"")} -> 88.307 | G17: =IF(OR($B17="",C17=""),"",C17-$B17) -> -1.413 | H17: =IF(OR($B17="",D17=""),"",D17-$B17) -> 0.249 | I17: =IF(OR($B17="",E17=""),"",E17-$B17) -> 6.895 | J17: =IF(OR($B17="",F17=""),"",F17-$B17) -> 17.196
A18: 456852 | B18: {=IFERROR(INDEX(Resultados!$K$5:$K$29,MATCH(1,(Resultados!$B$5:$B$29="V0_baseline")*(Resultados!$C$5:$C$29=$A18),0)),"")} -> 72.191 | C18: {=IFERROR(INDEX(Resultados!$K$5:$K$29,MATCH(1,(Resultados!$B$5:$B$29="V4_augment")*(Resultados!$C$5:$C$29=$A18),0)),"")} -> 72.606 | D18: {=IFERROR(INDEX(Resultados!$K$5:$K$29,MATCH(1,(Resultados!$B$5:$B$29="V3_rotacion")*(Resultados!$C$5:$C$29=$A18),0)),"")} -> 68.618 | E18: {=IFERROR(INDEX(Resultados!$K$5:$K$29,MATCH(1,(Resultados!$B$5:$B$29="V2_pca90")*(Resultados!$C$5:$C$29=$A18),0)),"")} -> 73.52 | F18: {=IFERROR(INDEX(Resultados!$K$5:$K$29,MATCH(1,(Resultados!$B$5:$B$29="V1_pca80")*(Resultados!$C$5:$C$29=$A18),0)),"")} -> 81.163 | G18: =IF(OR($B18="",C18=""),"",C18-$B18) -> 0.415 | H18: =IF(OR($B18="",D18=""),"",D18-$B18) -> -3.573 | I18: =IF(OR($B18="",E18=""),"",E18-$B18) -> 1.329 | J18: =IF(OR($B18="",F18=""),"",F18-$B18) -> 8.972
A20: Δ > 0 (mejora): | G20: =COUNTIF(G14:G18,">0") -> 3 | H20: =COUNTIF(H14:H18,">0") -> 1 | I20: =COUNTIF(I14:I18,">0") -> 5 | J20: =COUNTIF(J14:J18,">0") -> 5
A21: Δ < 0 (empeora): | G21: =COUNTIF(G14:G18,"<0") -> 2 | H21: =COUNTIF(H14:H18,"<0") -> 4 | I21: =COUNTIF(I14:I18,"<0") -> 0 | J21: =COUNTIF(J14:J18,"<0") -> 0
A23: Nota: el test de Wilcoxon pareado se corre en R con analizar_experimento(); esta hoja da la vista previa (dirección y magnitud de las diferencias por semilla).

Sheet Analisis Eli
A1: ANÁLISIS - se calcula solo a partir de la hoja Resultados
A3: Resumen por grupo (sobre Ganancia MAX de cada corrida)
A4: Grupo | B4: Corridas cargadas | C4: Mediana | D4: Media | E4: Mín | F4: Máx | G4: Δ mediana vs V0
A5: V0_baseline | B5: =COUNTIFS('Resultados Eli'!$B$5:$B$29,A5,'Resultados Eli'!$K$5:$K$29,">0") -> 5 | C5: =IF(B5=0,"",MEDIAN('Resultados Eli'!K5:K9)) -> 72108 | D5: =IF(B5=0,"",AVERAGEIFS('Resultados Eli'!$K$5:$K$29,'Resultados Eli'!$B$5:$B$29,A5)) -> 71659 | E5: =IF(B5=0,"",MINIFS('Resultados Eli'!$K$5:$K$29,'Resultados Eli'!$B$5:$B$29,A5)) -> 69117 | F5: =IF(B5=0,"",MAXIFS('Resultados Eli'!$K$5:$K$29,'Resultados Eli'!$B$5:$B$29,A5)) -> 74101 | G5: =IF(OR(C5="",C$5=""),"",C5-C$5) -> 0
A6: V4_augment | B6: =COUNTIFS('Resultados Eli'!$B$5:$B$29,A6,'Resultados Eli'!$K$5:$K$29,">0") -> 5 | C6: =IF(B6=0,"",MEDIAN('Resultados Eli'!K6:K10)) -> 72772 | D6: =IF(B6=0,"",AVERAGEIFS('Resultados Eli'!$K$5:$K$29,'Resultados Eli'!$B$5:$B$29,A6)) -> 72539.4 | E6: =IF(B6=0,"",MINIFS('Resultados Eli'!$K$5:$K$29,'Resultados Eli'!$B$5:$B$29,A6)) -> 69698 | F6: =IF(B6=0,"",MAXIFS('Resultados Eli'!$K$5:$K$29,'Resultados Eli'!$B$5:$B$29,A6)) -> 75347 | G6: =IF(OR(C6="",C$5=""),"",C6-C$5) -> 664
A7: V3_rotacion | B7: =COUNTIFS('Resultados Eli'!$B$5:$B$29,A7,'Resultados Eli'!$K$5:$K$29,">0") -> 5 | C7: =IF(B7=0,"",MEDIAN('Resultados Eli'!K7:K11)) -> 72772 | D7: =IF(B7=0,"",AVERAGEIFS('Resultados Eli'!$K$5:$K$29,'Resultados Eli'!$B$5:$B$29,A7)) -> 72323.4 | E7: =IF(B7=0,"",MINIFS('Resultados Eli'!$K$5:$K$29,'Resultados Eli'!$B$5:$B$29,A7)) -> 70031 | F7: =IF(B7=0,"",MAXIFS('Resultados Eli'!$K$5:$K$29,'Resultados Eli'!$B$5:$B$29,A7)) -> 75264 | G7: =IF(OR(C7="",C$5=""),"",C7-C$5) -> 664
A8: V2_pca90 | B8: =COUNTIFS('Resultados Eli'!$B$5:$B$29,A8,'Resultados Eli'!$K$5:$K$29,">0") -> 5 | C8: =IF(B8=0,"",MEDIAN('Resultados Eli'!K8:K12)) -> 72772 | D8: =IF(B8=0,"",AVERAGEIFS('Resultados Eli'!$K$5:$K$29,'Resultados Eli'!$B$5:$B$29,A8)) -> 80099.2 | E8: =IF(B8=0,"",MINIFS('Resultados Eli'!$K$5:$K$29,'Resultados Eli'!$B$5:$B$29,A8)) -> 75929 | F8: =IF(B8=0,"",MAXIFS('Resultados Eli'!$K$5:$K$29,'Resultados Eli'!$B$5:$B$29,A8)) -> 82575 | G8: =IF(OR(C8="",C$5=""),"",C8-C$5) -> 664
A9: V1_pca80 | B9: =COUNTIFS('Resultados Eli'!$B$5:$B$29,A9,'Resultados Eli'!$K$5:$K$29,">0") -> 5 | C9: =IF(B9=0,"",MEDIAN('Resultados Eli'!K9:K13)) -> 72938 | D9: =IF(B9=0,"",AVERAGEIFS('Resultados Eli'!$K$5:$K$29,'Resultados Eli'!$B$5:$B$29,A9)) -> 86529.2 | E9: =IF(B9=0,"",MINIFS('Resultados Eli'!$K$5:$K$29,'Resultados Eli'!$B$5:$B$29,A9)) -> 83239 | F9: =IF(B9=0,"",MAXIFS('Resultados Eli'!$K$5:$K$29,'Resultados Eli'!$B$5:$B$29,A9)) -> 91547 | G9: =IF(OR(C9="",C$5=""),"",C9-C$5) -> 830
A10: V6_pca70 (parcial 2/5) | B10: =COUNTIFS('Resultados Eli'!$B$5:$B$29,A10,'Resultados Eli'!$K$5:$K$29,">0") -> 0 | C10: =IF(B10=0,"",MEDIAN('Resultados Eli'!K10:K14)) | D10: =IF(B10=0,"",AVERAGEIFS('Resultados Eli'!$K$5:$K$29,'Resultados Eli'!$B$5:$B$29,A10)) | E10: =IF(B10=0,"",MINIFS('Resultados Eli'!$K$5:$K$29,'Resultados Eli'!$B$5:$B$29,A10)) | F10: =IF(B10=0,"",MAXIFS('Resultados Eli'!$K$5:$K$29,'Resultados Eli'!$B$5:$B$29,A10)) | G10: =IF(OR(C10="",C$5=""),"",C10-C$5)
A12: Comparación PAREADA por semilla (Ganancia MAX). Δ = variante - V0. Base del test de Wilcoxon.
A13: Semilla | B13: V0 | C13: V4 | D13: V3 | E13: V2 | F13: V1 | G13: Δ V4-V0 | H13: Δ V3-V0 | I13: Δ V2-V0 | J13: Δ V1-V0
A14: 263167 | B14: {=IFERROR(INDEX('Resultados Eli'!$K$5:$K$29,MATCH(1,('Resultados Eli'!$B$5:$B$29="V0_baseline")*('Resultados Eli'!$C$5:$C$29=$A14),0)),"")} -> 72108 | C14: {=IFERROR(INDEX('Resultados Eli'!$K$5:$K$29,MATCH(1,('Resultados Eli'!$B$5:$B$29="V4_augment")*('Resultados Eli'!$C$5:$C$29=$A14),0)),"")} -> 75347 | D14: {=IFERROR(INDEX('Resultados Eli'!$K$5:$K$29,MATCH(1,('Resultados Eli'!$B$5:$B$29="V3_rotacion")*('Resultados Eli'!$C$5:$C$29=$A14),0)),"")} -> 75264 | E14: {=IFERROR(INDEX('Resultados Eli'!$K$5:$K$29,MATCH(1,('Resultados Eli'!$B$5:$B$29="V2_pca90")*('Resultados Eli'!$C$5:$C$29=$A14),0)),"")} -> 80913 | F14: {=IFERROR(INDEX('Resultados Eli'!$K$5:$K$29,MATCH(1,('Resultados Eli'!$B$5:$B$29="V1_pca80")*('Resultados Eli'!$C$5:$C$29=$A14),0)),"")} -> 91547 | G14: =IF(OR($B14="",C14=""),"",C14-$B14) -> 3239 | H14: =IF(OR($B14="",D14=""),"",D14-$B14) -> 3156 | I14: =IF(OR($B14="",E14=""),"",E14-$B14) -> 8805 | J14: =IF(OR($B14="",F14=""),"",F14-$B14) -> 19439
A15: 808481 | B15: {=IFERROR(INDEX('Resultados Eli'!$K$5:$K$29,MATCH(1,('Resultados Eli'!$B$5:$B$29="V0_baseline")*('Resultados Eli'!$C$5:$C$29=$A15),0)),"")} -> 70197 | C15: {=IFERROR(INDEX('Resultados Eli'!$K$5:$K$29,MATCH(1,('Resultados Eli'!$B$5:$B$29="V4_augment")*('Resultados Eli'!$C$5:$C$29=$A15),0)),"")} -> 71111 | D15: {=IFERROR(INDEX('Resultados Eli'!$K$5:$K$29,MATCH(1,('Resultados Eli'!$B$5:$B$29="V3_rotacion")*('Resultados Eli'!$C$5:$C$29=$A15),0)),"")} -> 71941 | E15: {=IFERROR(INDEX('Resultados Eli'!$K$5:$K$29,MATCH(1,('Resultados Eli'!$B$5:$B$29="V2_pca90")*('Resultados Eli'!$C$5:$C$29=$A15),0)),"")} -> 79169 | F15: {=IFERROR(INDEX('Resultados Eli'!$K$5:$K$29,MATCH(1,('Resultados Eli'!$B$5:$B$29="V1_pca80")*('Resultados Eli'!$C$5:$C$29=$A15),0)),"")} -> 86562 | G15: =IF(OR($B15="",C15=""),"",C15-$B15) -> 914 | H15: =IF(OR($B15="",D15=""),"",D15-$B15) -> 1744 | I15: =IF(OR($B15="",E15=""),"",E15-$B15) -> 8972 | J15: =IF(OR($B15="",F15=""),"",F15-$B15) -> 16365
A16: 104759 | B16: {=IFERROR(INDEX('Resultados Eli'!$K$5:$K$29,MATCH(1,('Resultados Eli'!$B$5:$B$29="V0_baseline")*('Resultados Eli'!$C$5:$C$29=$A16),0)),"")} -> 74101 | C16: {=IFERROR(INDEX('Resultados Eli'!$K$5:$K$29,MATCH(1,('Resultados Eli'!$B$5:$B$29="V4_augment")*('Resultados Eli'!$C$5:$C$29=$A16),0)),"")} -> 72938 | D16: {=IFERROR(INDEX('Resultados Eli'!$K$5:$K$29,MATCH(1,('Resultados Eli'!$B$5:$B$29="V3_rotacion")*('Resultados Eli'!$C$5:$C$29=$A16),0)),"")} -> 71775 | E16: {=IFERROR(INDEX('Resultados Eli'!$K$5:$K$29,MATCH(1,('Resultados Eli'!$B$5:$B$29="V2_pca90")*('Resultados Eli'!$C$5:$C$29=$A16),0)),"")} -> 81910 | F16: {=IFERROR(INDEX('Resultados Eli'!$K$5:$K$29,MATCH(1,('Resultados Eli'!$B$5:$B$29="V1_pca80")*('Resultados Eli'!$C$5:$C$29=$A16),0)),"")} -> 86895 | G16: =IF(OR($B16="",C16=""),"",C16-$B16) -> -1163 | H16: =IF(OR($B16="",D16=""),"",D16-$B16) -> -2326 | I16: =IF(OR($B16="",E16=""),"",E16-$B16) -> 7809 | J16: =IF(OR($B16="",F16=""),"",F16-$B16) -> 12794
A17: 130073 | B17: {=IFERROR(INDEX('Resultados Eli'!$K$5:$K$29,MATCH(1,('Resultados Eli'!$B$5:$B$29="V0_baseline")*('Resultados Eli'!$C$5:$C$29=$A17),0)),"")} -> 69117 | C17: {=IFERROR(INDEX('Resultados Eli'!$K$5:$K$29,MATCH(1,('Resultados Eli'!$B$5:$B$29="V4_augment")*('Resultados Eli'!$C$5:$C$29=$A17),0)),"")} -> 73603 | D17: {=IFERROR(INDEX('Resultados Eli'!$K$5:$K$29,MATCH(1,('Resultados Eli'!$B$5:$B$29="V3_rotacion")*('Resultados Eli'!$C$5:$C$29=$A17),0)),"")} -> 70031 | E17: {=IFERROR(INDEX('Resultados Eli'!$K$5:$K$29,MATCH(1,('Resultados Eli'!$B$5:$B$29="V2_pca90")*('Resultados Eli'!$C$5:$C$29=$A17),0)),"")} -> 75929 | F17: {=IFERROR(INDEX('Resultados Eli'!$K$5:$K$29,MATCH(1,('Resultados Eli'!$B$5:$B$29="V1_pca80")*('Resultados Eli'!$C$5:$C$29=$A17),0)),"")} -> 83239 | G17: =IF(OR($B17="",C17=""),"",C17-$B17) -> 4486 | H17: =IF(OR($B17="",D17=""),"",D17-$B17) -> 914 | I17: =IF(OR($B17="",E17=""),"",E17-$B17) -> 6812 | J17: =IF(OR($B17="",F17=""),"",F17-$B17) -> 14122
A18: 200171 | B18: {=IFERROR(INDEX('Resultados Eli'!$K$5:$K$29,MATCH(1,('Resultados Eli'!$B$5:$B$29="V0_baseline")*('Resultados Eli'!$C$5:$C$29=$A18),0)),"")} -> 72772 | C18: {=IFERROR(INDEX('Resultados Eli'!$K$5:$K$29,MATCH(1,('Resultados Eli'!$B$5:$B$29="V4_augment")*('Resultados Eli'!$C$5:$C$29=$A18),0)),"")} -> 69698 | D18: {=IFERROR(INDEX('Resultados Eli'!$K$5:$K$29,MATCH(1,('Resultados Eli'!$B$5:$B$29="V3_rotacion")*('Resultados Eli'!$C$5:$C$29=$A18),0)),"")} -> 72606 | E18: {=IFERROR(INDEX('Resultados Eli'!$K$5:$K$29,MATCH(1,('Resultados Eli'!$B$5:$B$29="V2_pca90")*('Resultados Eli'!$C$5:$C$29=$A18),0)),"")} -> 82575 | F18: {=IFERROR(INDEX('Resultados Eli'!$K$5:$K$29,MATCH(1,('Resultados Eli'!$B$5:$B$29="V1_pca80")*('Resultados Eli'!$C$5:$C$29=$A18),0)),"")} -> 84403 | G18: =IF(OR($B18="",C18=""),"",C18-$B18) -> -3074 | H18: =IF(OR($B18="",D18=""),"",D18-$B18) -> -166 | I18: =IF(OR($B18="",E18=""),"",E18-$B18) -> 9803 | J18: =IF(OR($B18="",F18=""),"",F18-$B18) -> 11631
A20: Δ > 0 (mejora): | G20: =COUNTIF(G14:G18,">0") -> 3 | H20: =COUNTIF(H14:H18,">0") -> 3 | I20: =COUNTIF(I14:I18,">0") -> 5 | J20: =COUNTIF(J14:J18,">0") -> 5
A21: Δ < 0 (empeora): | G21: =COUNTIF(G14:G18,"<0") -> 2 | H21: =COUNTIF(H14:H18,"<0") -> 2 | I21: =COUNTIF(I14:I18,"<0") -> 0 | J21: =COUNTIF(J14:J18,"<0") -> 0
A23: Nota: el test de Wilcoxon pareado se corre en R con analizar_experimento(); esta hoja da la vista previa (dirección y magnitud de las diferencias por semilla).
